3.000000,-27.000000,-57.000000,-87.000000,-117.000000,-147.000000,-177.000000,-207.000000,-237.000000,-267.000000,
6.000000,-24.000000,-54.000000,-84.000000,-114.000000,-144.000000,-174.000000,-204.000000,-234.000000,-264.000000,
9.000000,-21.000000,-51.000000,-81.000000,-111.000000,-141.000000,-171.000000,-201.000000,-231.000000,-261.000000,
12.000000,-18.000000,-48.000000,-78.000000,-108.000000,-138.000000,-168.000000,-198.000000,-228.000000,-258.000000,
15.000000,-15.000000,-45.000000,-75.000000,-105.000000,-135.000000,-165.000000,-195.000000,-225.000000,-255.000000,
18.000000,-12.000000,-42.000000,-72.000000,-102.000000,-132.000000,-162.000000,-192.000000,-222.000000,-252.000000,
21.000000,-9.000000,-39.000000,-69.000000,-99.000000,-129.000000,-159.000000,-189.000000,-219.000000,-249.000000,
24.000000,-6.000000,-36.000000,-66.000000,-96.000000,-126.000000,-156.000000,-186.000000,-216.000000,-246.000000,
27.000000,-3.000000,-33.000000,-63.000000,-93.000000,-123.000000,-153.000000,-183.000000,-213.000000,-243.000000,
30.000000,-0.000000,-30.000000,-60.000000,-90.000000,-120.000000,-150.000000,-180.000000,-210.000000,-240.000000,
33.000000,3.000000,-27.000000,-57.000000,-87.000000,-117.000000,-147.000000,-177.000000,-207.000000,-237.000000,
36.000000,6.000000,-24.000000,-54.000000,-84.000000,-114.000000,-144.000000,-174.000000,-204.000000,-234.000000,
39.000000,9.000000,-21.000000,-51.000000,-81.000000,-111.000000,-141.000000,-171.000000,-201.000000,-231.000000,
42.000000,12.000000,-18.000000,-48.000000,-78.000000,-108.000000,-138.000000,-168.000000,-198.000000,-228.000000,
45.000000,15.000000,-15.000000,-45.000000,-75.000000,-105.000000,-135.000000,-165.000000,-195.000000,-225.000000,
48.000000,18.000000,-12.000000,-42.000000,-72.000000,-102.000000,-132.000000,-162.000000,-192.000000,-222.000000,
51.000000,21.000000,-9.000000,-39.000000,-69.000000,-99.000000,-129.000000,-159.000000,-189.000000,-219.000000,
54.000000,24.000000,-6.000000,-36.000000,-66.000000,-96.000000,-126.000000,-156.000000,-186.000000,-216.000000,
57.000000,27.000000,-3.000000,-33.000000,-63.000000,-93.000000,-123.000000,-153.000000,-183.000000,-213.000000,
60.000000,30.000000,-0.000000,-30.000000,-60.000000,-90.000000,-120.000000,-150.000000,-180.000000,-210.000000,
63.000000,33.000000,3.000000,-27.000000,-57.000000,-87.000000,-117.000000,-147.000000,-177.000000,-207.000000,
66.000000,36.000000,6.000000,-24.000000,-54.000000,-84.000000,-114.000000,-144.000000,-174.000000,-204.000000,
69.000000,39.000000,9.000000,-21.000000,-51.000000,-81.000000,-111.000000,-141.000000,-171.000000,-201.000000,
72.000000,42.000000,12.000000,-18.000000,-48.000000,-78.000000,-108.000000,-138.000000,-168.000000,-198.000000,
75.000000,45.000000,15.000000,-15.000000,-45.000000,-75.000000,-105.000000,-135.000000,-165.000000,-195.000000,
78.000000,48.000000,18.000000,-12.000000,-42.000000,-72.000000,-102.000000,-132.000000,-162.000000,-192.000000,
81.000000,51.000000,21.000000,-9.000000,-39.000000,-69.000000,-99.000000,-129.000000,-159.000000,-189.000000,
84.000000,54.000000,24.000000,-6.000000,-36.000000,-66.000000,-96.000000,-126.000000,-156.000000,-186.000000,
87.000000,57.000000,27.000000,-3.000000,-33.000000,-63.000000,-93.000000,-123.000000,-153.000000,-183.000000,
90.000000,60.000000,30.000000,-0.000000,-30.000000,-60.000000,-90.000000,-120.000000,-150.000000,-180.000000,
93.000000,63.000000,33.000000,3.000000,-27.000000,-57.000000,-87.000000,-117.000000,-147.000000,-177.000000,
96.000000,66.000000,36.000000,6.000000,-24.000000,-54.000000,-84.000000,-114.000000,-144.000000,-174.000000,
99.000000,69.000000,39.000000,9.000000,-21.000000,-51.000000,-81.000000,-111.000000,-141.000000,-171.000000,
102.000000,72.000000,42.000000,12.000000,-18.000000,-48.000000,-78.000000,-108.000000,-138.000000,-168.000000,
105.000000,75.000000,45.000000,15.000000,-15.000000,-45.000000,-75.000000,-105.000000,-135.000000,-165.000000,
108.000000,78.000000,48.000000,18.000000,-12.000000,-42.000000,-72.000000,-102.000000,-132.000000,-162.000000,
111.000000,81.000000,51.000000,21.000000,-9.000000,-39.000000,-69.000000,-99.000000,-129.000000,-159.000000,
114.000000,84.000000,54.000000,24.000000,-6.000000,-36.000000,-66.000000,-96.000000,-126.000000,-156.000000,
117.000000,87.000000,57.000000,27.000000,-3.000000,-33.000000,-63.000000,-93.000000,-123.000000,-153.000000,
120.000000,90.000000,60.000000,30.000000,-0.000000,-30.000000,-60.000000,-90.000000,-120.000000,-150.000000,
123.000000,93.000000,63.000000,33.000000,3.000000,-27.000000,-57.000000,-87.000000,-117.000000,-147.000000,
126.000000,96.000000,66.000000,36.000000,6.000000,-24.000000,-54.000000,-84.000000,-114.000000,-144.000000,
129.000000,99.000000,69.000000,39.000000,9.000000,-21.000000,-51.000000,-81.000000,-111.000000,-141.000000,
132.000000,102.000000,72.000000,42.000000,12.000000,-18.000000,-48.000000,-78.000000,-108.000000,-138.000000,
135.000000,105.000000,75.000000,45.000000,15.000000,-15.000000,-45.000000,-75.000000,-105.000000,-135.000000,
138.000000,108.000000,78.000000,48.000000,18.000000,-12.000000,-42.000000,-72.000000,-102.000000,-132.000000,
141.000000,111.000000,81.000000,51.000000,21.000000,-9.000000,-39.000000,-69.000000,-99.000000,-129.000000,
144.000000,114.000000,84.000000,54.000000,24.000000,-6.000000,-36.000000,-66.000000,-96.000000,-126.000000,
147.000000,117.000000,87.000000,57.000000,27.000000,-3.000000,-33.000000,-63.000000,-93.000000,-123.000000,
150.000000,120.000000,90.000000,60.000000,30.000000,-0.000000,-30.000000,-60.000000,-90.000000,-120.000000,
152.500000,122.995939,92.999957,63.000000,33.000000,3.000000,-27.000000,-57.000000,-87.000000,-117.000000,
154.500000,125.979437,95.999717,65.999996,36.000000,6.000000,-24.000000,-54.000000,-84.000000,-114.000000,
156.000000,128.941570,98.998984,68.999984,39.000000,9.000000,-21.000000,-51.000000,-81.000000,-111.000000,
157.000000,131.872347,101.997309,71.999950,41.999999,12.000000,-18.000000,-48.000000,-78.000000,-108.000000,
157.500000,134.759970,104.994068,74.999872,44.999997,15.000000,-15.000000,-45.000000,-75.000000,-105.000000,
157.500000,137.589689,107.988410,77.999717,47.999994,18.000000,-12.000000,-42.000000,-72.000000,-102.000000,
157.500000,140.349044,110.979270,80.999435,50.999986,21.000000,-9.000000,-39.000000,-69.000000,-99.000000,
157.500000,143.028847,113.965404,83.998959,53.999972,23.999999,-6.000000,-36.000000,-66.000000,-96.000000,
157.500000,145.617238,116.945369,86.998199,56.999948,26.999999,-3.000000,-33.000000,-63.000000,-93.000000,
157.500000,148.098332,119.917444,89.997040,59.999907,29.999997,-0.000000,-30.000000,-60.000000,-90.000000,
157.500000,150.449816,122.879503,92.995336,62.999842,32.999995,3.000000,-27.000000,-57.000000,-87.000000,
157.500000,152.638167,125.828795,95.992904,65.999743,35.999992,6.000000,-24.000000,-54.000000,-84.000000,
157.500000,154.607761,128.761509,98.989503,68.999595,38.999986,9.000000,-21.000000,-51.000000,-81.000000,
157.500000,156.250077,131.671728,101.984812,71.999381,41.999977,11.999999,-18.000000,-48.000000,-78.000000,
157.500000,157.286285,134.548026,104.978357,74.999074,44.999964,14.999999,-15.000000,-45.000000,-75.000000,
157.500000,157.450017,137.372537,107.969397,77.998641,47.999945,17.999998,-12.000000,-42.000000,-72.000000,
157.500000,156.676157,140.101249,110.956767,80.998030,50.999918,20.999997,-9.000000,-39.000000,-69.000000,
157.500000,155.466359,142.729980,113.938554,83.997163,53.999878,23.999995,-6.000000,-36.000000,-66.000000,
157.500000,154.536796,145.215818,116.912731,86.995932,56.999820,26.999993,-3.000000,-33.000000,-63.000000,
157.500000,153.754474,147.523686,119.876418,89.994187,59.999738,29.999989,-0.000000,-30.000000,-60.000000,
157.500000,153.070891,149.587765,122.825594,92.991721,62.999622,32.999984,2.999999,-27.000000,-57.000000,
157.500000,152.460714,151.255790,125.753553,95.988236,65.999456,35.999976,5.999999,-24.000000,-54.000000,
157.500000,151.908398,151.865551,128.641830,98.983213,68.999219,38.999965,8.999998,-21.000000,-51.000000,
157.500000,151.403457,152.545448,131.482764,101.975916,71.998881,41.999949,11.999998,-18.000000,-48.000000,
157.500000,150.938356,154.413337,134.293588,104.965770,74.998399,44.999927,14.999997,-15.000000,-45.000000,
157.500000,150.507434,156.663337,137.087824,107.952459,77.997725,47.999895,17.999995,-12.000000,-42.000000,
157.500000,150.106286,159.143328,139.872361,110.935812,80.996810,50.999850,20.999993,-9.000000,-39.000000,
157.500000,149.731395,161.787790,142.651969,113.915753,83.995602,53.999787,23.999990,-6.000000,-36.000000,
157.500000,149.379892,164.560096,145.430275,116.892274,86.994049,56.999702,26.999986,-3.000001,-33.000000,
157.500000,149.049395,167.436857,148.210149,119.865421,89.992103,59.999590,29.999980,-0.000001,-30.000000,
157.500000,148.737897,170.401850,150.993894,122.835281,92.989713,62.999442,32.999972,2.999999,-27.000000,
157.500000,148.443685,173.443175,153.783376,125.801980,95.986836,65.999253,35.999962,5.999998,-24.000000,
157.500000,148.165283,176.551733,156.580109,128.765671,98.983428,68.999015,38.999947,8.999997,-21.000000,
157.500000,147.901407,179.720346,159.385316,131.726529,101.979450,71.998718,41.999929,11.999996,-18.000000,
157.500000,147.650929,182.943208,162.199983,134.684751,104.974866,74.998356,44.999906,14.999995,-15.000000,
157.500000,147.412853,186.215530,165.024898,137.640547,107.969645,77.997918,47.999876,17.999993,-12.000000,
157.500000,147.186294,189.533292,167.860683,140.594138,110.963758,80.997394,50.999838,20.999991,-9.000000,
157.500000,146.970459,192.893076,170.707823,143.545756,113.957182,83.996776,53.999792,23.999988,-6.000001,
157.500000,146.764635,196.291938,173.566688,146.495635,116.949897,86.996053,56.999735,26.999984,-3.000001,
157.500000,146.568180,199.727318,176.437553,149.444017,119.941888,89.995216,59.999666,29.999979,-0.000001,
157.500000,146.380509,203.196969,179.320613,152.391144,122.933143,92.994254,62.999583,32.999973,2.999998,
157.500000,146.201092,206.698902,182.215997,155.337256,125.923656,95.993156,65.999485,35.999966,5.999998,
157.500000,146.029442,210.231347,185.123780,158.282596,128.913423,98.991914,68.999369,38.999957,8.999997,
157.500000,145.865115,213.792716,188.043989,161.227402,131.902446,101.990517,71.999232,41.999946,11.999997,
157.500000,145.707701,217.381578,190.976615,164.171909,134.890729,104.988956,74.999074,44.999933,14.999996,
157.500000,145.556823,220.996637,193.921620,167.116346,137.878281,107.987221,77.998891,47.999917,17.999994,
157.500000,145.412131,224.636713,196.878936,170.060941,140.865116,110.985304,80.998680,50.999898,20.999993,
157.500000,145.273303,228.300728,199.848479,173.005911,143.851248,113.983195,83.998440,53.999875,23.999991,
157.500000,145.140038,231.987692,202.830146,175.951472,146.836697,116.980886,86.998167,56.999849,26.999989,
157.500000,145.012057,235.696694,205.823820,178.897829,149.821486,119.978370,89.997859,59.999818,29.999986,
157.500000,144.889099,239.426892,208.829375,181.845183,152.805640,122.975640,92.997512,62.999783,32.999983,
157.500000,144.770922,243.177508,211.846676,184.793726,155.789189,125.972688,95.997125,65.999742,35.999980,
157.500000,144.657297,246.947816,214.875580,187.743644,158.772164,128.969509,98.996693,68.999694,38.999975,
157.500000,144.548011,250.737142,217.915941,190.695114,161.754600,131.966098,101.996213,71.999640,41.999970,
157.500000,144.442863,254.544856,220.967609,193.648307,164.736532,134.962449,104.995684,74.999579,44.999964,
157.500000,144.341666,258.370369,224.030432,196.603387,167.717999,137.958558,107.995101,77.999509,47.999957,
157.500000,144.244243,262.213127,227.104256,199.560508,170.699044,140.954423,110.994462,80.999431,50.999949,
157.500000,144.150426,266.072611,230.188928,202.519819,173.679708,143.950040,113.993763,83.999342,53.999940,
157.500000,144.060058,269.948331,233.284293,205.481461,176.660036,146.945408,116.993001,86.999243,56.999929,
157.500000,143.972990,273.839828,236.390197,208.445567,179.640076,149.940526,119.992173,89.999133,59.999916,
157.500000,143.889082,277.746664,239.506489,211.412264,182.619874,152.935393,122.991277,92.999010,62.999902,
157.500000,143.808201,281.668428,242.633017,214.381672,185.599480,155.930010,125.990309,95.998874,65.999886,
157.500000,143.730220,285.604728,245.769632,217.353905,188.578945,158.924378,128.989266,98.998723,68.999868,
157.500000,143.655020,289.555195,248.916187,220.329069,191.558319,161.918501,131.988146,101.998557,71.999848,
157.500000,143.582488,293.519476,252.072537,223.307264,194.537656,164.912379,134.986945,104.998375,74.999825,
157.500000,143.512515,297.497236,255.238539,226.288587,197.517008,167.906019,137.985662,107.998175,77.999799,
157.500000,143.444999,301.488155,258.414053,229.273124,200.496429,170.899423,140.984293,110.997957,80.999770,
157.500000,143.379843,305.491930,261.598941,232.260960,203.475974,173.892598,143.982836,113.997719,83.999738,
157.500000,143.316954,309.508270,264.793067,235.252172,206.455697,176.885550,146.981290,116.997460,86.999703,
157.500000,143.256243,313.536897,267.996299,238.246833,209.435652,179.878286,149.979651,119.997179,89.999663,
157.500000,143.197627,317.577545,271.208508,241.245010,212.415896,182.870814,152.977918,122.996875,92.999620,
157.500000,143.141024,321.629961,274.429565,244.246766,215.396483,185.863143,155.976089,125.996547,95.999571,
157.500000,143.086359,325.693900,277.659346,247.252160,218.377468,188.855282,158.974163,128.996193,98.999518,
157.500000,143.033557,329.769128,280.897729,250.261245,221.358906,191.847241,161.972138,131.995813,101.999460,
157.500000,142.982549,333.855422,284.144594,253.274071,224.340853,194.839032,164.970012,134.995405,104.999396,
157.500000,142.933268,337.952565,287.399824,256.290685,227.323362,197.830665,167.967786,137.994967,107.999327,
157.500000,142.885650,342.060350,290.663306,259.311128,230.306488,200.822155,170.965457,140.994500,110.999251,
157.500000,142.839634,346.178577,293.934926,262.335439,233.290284,203.813513,173.963026,143.994001,113.999168,
157.500000,142.795160,350.307054,297.214576,265.363654,236.274804,206.804754,176.960493,146.993469,116.999078,
157.500000,142.752174,354.445596,300.502148,268.395803,239.260100,209.795892,179.957856,149.992904,119.998981,
157.500000,142.710620,358.594024,303.797537,271.431917,242.246224,212.786942,182.955116,152.992304,122.998876,
157.500000,142.670448,362.752166,307.100642,274.472020,245.233228,215.777920,185.952274,155.991668,125.998762,
157.500000,142.631608,366.919855,310.411362,277.516136,248.221162,218.768843,188.949330,158.990994,128.998639,
157.500000,142.594052,371.096930,313.729598,280.564286,251.210075,221.759726,191.946285,161.990283,131.998507,
157.500000,142.557735,375.283235,317.055256,283.616488,254.200018,224.750588,194.943141,164.989533,134.998365,
157.500000,142.522613,379.478622,320.388241,286.672758,257.191038,227.741446,197.939898,167.988742,137.998213,
157.500000,142.488644,383.682943,323.728461,289.733109,260.183182,230.732319,200.936559,170.987911,140.998050,
157.500000,142.455788,387.896058,327.075827,292.797553,263.176498,233.723226,203.933125,173.987037,143.997875,
157.500000,142.424007,392.117830,330.430252,295.866100,266.171029,236.714186,206.929599,176.986121,146.997689,
157.500000,142.393262,396.348127,333.791648,298.938756,269.166821,239.705219,209.925984,179.985162,149.997491,
157.500000,142.363517,400.586820,337.159932,302.015528,272.163918,242.696345,212.922281,182.984158,152.997279,
157.500000,142.334740,404.833786,340.535022,305.096421,275.162362,245.687585,215.918496,185.983109,155.997054,
157.500000,142.306896,409.088902,343.916838,308.181437,278.162195,248.678959,218.914629,188.982015,158.996816,
157.500000,142.279953,413.352052,347.305300,311.270577,281.163456,251.670488,221.910687,191.980874,161.996562,
157.500000,142.253881,417.623122,350.700331,314.363841,284.166187,254.662195,224.906672,194.979687,164.996294,
157.500000,142.228650,421.902001,354.101856,317.461228,287.170425,257.654100,227.902589,197.978454,167.996011,
157.500000,142.204232,426.188580,357.509800,320.562735,290.176208,260.646226,230.898443,200.977173,170.995711,
157.500000,142.180599,430.482756,360.924092,323.668359,293.183572,263.638595,233.894238,203.975844,173.995395,
157.500000,142.157725,434.784425,364.344660,326.778095,296.192554,266.631229,236.889979,206.974468,176.995062,
157.500000,142.135584,439.093490,367.771435,329.891936,299.203187,269.624151,239.885673,209.973045,179.994711,
157.500000,142.114152,443.409853,371.204348,333.009876,302.215506,272.617384,242.881324,212.971574,182.994343,
157.500000,142.093406,447.733419,374.643333,336.131908,305.229542,275.610950,245.876940,215.970056,185.993956,
157.500000,142.073322,452.064098,378.088325,339.258023,308.245327,278.604872,248.872525,218.968490,188.993550,
157.500000,142.053879,456.401799,381.539259,342.388211,311.262892,281.599174,251.868087,221.966878,191.993124,
157.500000,142.035055,460.746436,384.996072,345.522464,314.282267,284.593878,254.863633,224.965220,194.992679,
157.500000,142.016830,465.097923,388.458703,348.660769,317.303479,287.589007,257.859170,227.963515,197.992214,
157.500000,141.999184,469.456178,391.927091,351.803117,320.326557,290.584585,260.854705,230.961766,200.991728,
157.500000,141.982098,473.821119,395.401177,354.949494,323.351527,293.580635,263.850245,233.959972,203.991221,
157.500000,141.965554,478.192667,398.880903,358.099890,326.378415,296.577180,266.845800,236.958135,206.990692,
157.500000,141.949534,482.570745,402.366212,361.254290,329.407247,299.574243,269.841376,239.956255,209.990142,
157.500000,141.934020,486.955277,405.857047,364.412681,332.438045,302.571847,272.836982,242.954335,212.989569,
157.500000,141.918998,491.346190,409.353355,367.575051,335.470833,305.570014,275.832627,245.952374,215.988974,
157.500000,141.904449,495.743412,412.855080,370.741384,338.505634,308.568769,278.828320,248.950374,218.988357,
157.500000,141.890360,500.146872,416.362171,373.911666,341.542468,311.568134,281.824070,251.948338,221.987716,
157.500000,141.876715,504.556502,419.874574,377.085882,344.581357,314.568130,284.819886,254.946266,224.987053,
157.500000,141.863499,508.972233,423.392240,380.264017,347.622319,317.568782,287.815777,257.944160,227.986366,
157.500000,141.850700,513.394000,426.915117,383.446056,350.665374,320.570111,290.811754,260.942023,230.985655,
157.500000,141.838303,517.821739,430.443158,386.631983,353.710540,323.572139,293.807827,263.939855,233.984921,
157.500000,141.826295,522.255387,433.976313,389.821781,356.757835,326.574889,296.804004,266.937660,236.984164,
157.500000,141.814665,526.694880,437.514535,393.015435,359.807274,329.578382,299.800298,269.935440,239.983382,
157.500000,141.803399,531.140160,441.057777,396.212929,362.858874,332.582641,302.796718,272.933197,242.982577,
157.500000,141.792487,535.591167,444.605994,399.414245,365.912650,335.587686,305.793275,275.930933,245.981748,
157.500000,141.781916,540.047842,448.159141,402.619367,368.968617,338.593539,308.789979,278.928652,248.980896,
157.500000,141.771677,544.510129,451.717173,405.828279,372.026788,341.600221,311.786842,281.926355,251.980020,
157.500000,141.761757,548.977972,455.280047,409.040962,375.087176,344.607753,314.783876,284.924047,254.979121,
157.500000,141.752149,553.451315,458.847720,412.257401,378.149794,347.616155,317.781090,287.921730,257.978199,
157.500000,141.742840,557.930107,462.420150,415.477578,381.214654,350.625448,320.778498,290.919407,260.977254,
157.500000,141.733822,562.414294,465.997296,418.701475,384.281767,353.635652,323.776109,293.917082,263.976287,
157.500000,141.725085,566.903824,469.579116,421.929076,387.351143,356.646787,326.773936,296.914759,266.975297,
157.500000,141.716622,571.398646,473.165572,425.160363,390.422793,359.658871,329.771991,299.912440,269.974286,
157.500000,141.708422,575.898712,476.756624,428.395318,393.496725,362.671926,332.770286,302.910130,272.973253,
157.500000,141.700477,580.403973,480.352232,431.633925,396.572950,365.685969,335.768832,305.907833,275.972200,
157.500000,141.692780,584.914380,483.952359,434.876165,399.651475,368.701020,338.767642,308.905552,278.971126,
157.500000,141.685323,589.429887,487.556968,438.122021,402.732308,371.717096,341.766728,311.903292,281.970034,
157.500000,141.678098,593.950447,491.166022,441.371476,405.815457,374.734216,344.766102,314.901057,284.968922,
157.500000,141.671098,598.476015,494.779483,444.624512,408.900928,377.752398,347.765777,317.898851,287.967792,
157.500000,141.664315,603.006548,498.397318,447.881111,411.988727,380.771660,350.765764,320.896680,290.966645,
157.500000,141.657743,607.542000,502.019489,451.141257,415.078862,383.792018,353.766077,323.894548,293.965482,
157.500000,141.651375,612.082330,505.645964,454.404931,418.171337,386.813490,356.766728,326.892459,296.964304,
157.500000,141.645205,616.627494,509.276707,457.672117,421.266157,389.836093,359.767729,329.890418,299.963111,
157.500000,141.639227,621.177452,512.911685,460.942796,424.363326,392.859842,362.769094,332.888432,302.961905,
157.500000,141.633434,625.732163,516.550865,464.216952,427.462850,395.884754,365.770834,335.886504,305.960687,
157.500000,141.627821,630.291586,520.194215,467.494567,430.564732,398.910845,368.772962,338.884640,308.959458,
157.500000,141.622382,634.855683,523.841701,470.775624,433.668975,401.938130,371.775491,341.882845,311.958219,
157.500000,141.617111,639.424414,527.493294,474.060106,436.775582,404.966624,374.778434,344.881126,314.956972,
157.500000,141.612004,643.997742,531.148961,477.347995,439.884556,407.996342,377.781804,347.879487,317.955718,
157.500000,141.607055,648.575628,534.808672,480.639275,442.995900,411.027299,380.785612,350.877935,320.954459,
157.500000,141.602259,653.158037,538.472397,483.933928,446.109615,414.059509,383.789872,353.876476,323.953196,
157.500000,141.597612,657.744931,542.140105,487.231938,449.225703,417.092986,386.794596,356.875114,326.951931,
157.500000,141.593109,662.336275,545.811768,490.533288,452.344165,420.127743,389.799798,359.873857,329.950665,
157.500000,141.588745,666.932034,549.487356,493.837961,455.465003,423.163794,392.805489,362.872711,332.949401,
157.500000,141.584516,671.532174,553.166842,497.145940,458.588217,426.201152,395.811683,365.871681,335.948140,
157.500000,141.580417,676.136659,556.850195,500.457208,461.713808,429.239830,398.818391,368.870775,338.946884,
157.500000,141.576446,680.745457,560.537390,503.771750,464.841776,432.279840,401.825626,371.869999,341.945635,
157.500000,141.572597,685.358535,564.228399,507.089549,467.972121,435.321194,404.833402,374.869359,344.944395,
157.500000,141.568867,689.975860,567.923194,510.410587,471.104843,438.363904,407.841729,377.868862,347.943167,
157.500000,141.565253,694.597400,571.621749,513.734850,474.239940,441.407982,410.850621,380.868515,350.941952,
157.500000,141.561750,699.223123,575.324038,517.062321,477.377413,444.453439,413.860090,383.868325,353.940753,
157.500000,141.558355,703.852999,579.030034,520.392983,480.517260,447.500286,416.870149,386.868298,356.939572,
157.500000,141.555065,708.486997,582.739713,523.726822,483.659480,450.548533,419.880808,389.868442,359.938412,
157.500000,141.551877,713.125086,586.453049,527.063820,486.804071,453.598192,422.892082,392.868763,362.937275,
157.500000,141.548787,717.767237,590.170017,530.403962,489.951033,456.649272,425.903980,395.869269,365.936164,
157.500000,141.545792,722.413420,593.890592,533.747233,493.100362,459.701783,428.916516,398.869968,368.935081,
157.500000,141.542890,727.063608,597.614751,537.093617,496.252057,462.755735,431.929702,401.870865,371.934029,
157.500000,141.540078,731.717770,601.342469,540.443097,499.406115,465.811137,434.943549,404.871969,374.933012,
157.500000,141.537352,736.375879,605.073723,543.795660,502.562535,468.867998,437.958068,407.873288,377.932031,
157.500000,141.534710,741.037908,608.808490,547.151290,505.721314,471.926328,440.973272,410.874828,380.931090,
157.500000,141.532150,745.703829,612.546746,550.509971,508.882448,474.986134,443.989173,413.876597,383.930192,
157.500000,141.529668,750.373615,616.288469,553.871688,512.045935,478.047425,447.005780,416.878603,386.929340,
157.500000,141.527263,755.047239,620.033636,557.236427,515.211772,481.110210,450.023106,419.880853,389.928538,
157.500000,141.524932,759.724676,623.782225,560.604173,518.379956,484.174495,453.041163,422.883355,392.927788,
157.500000,141.522673,764.405900,627.534215,563.974910,521.550483,487.240289,456.059960,425.886117,395.927093,
157.500000,141.520484,769.090884,631.289584,567.348624,524.723349,490.307599,459.079510,428.889147,398.926458,
157.500000,141.518362,773.779604,635.048309,570.725301,527.898552,493.376431,462.099822,431.892452,401.925885,
157.500000,141.516305,778.472036,638.810372,574.104925,531.076087,496.446794,465.120909,434.896040,404.925379,
157.500000,141.514312,783.168153,642.575749,577.487483,534.255951,499.518693,468.142779,437.899919,407.924943,
157.500000,141.512380,787.867934,646.344422,580.872961,537.438139,502.592134,471.165445,440.904097,410.924580,
157.500000,141.510508,792.571352,650.116370,584.261344,540.622648,505.667126,474.188916,443.908582,413.924294,
157.500000,141.508693,797.278386,653.891572,587.652618,543.809473,508.743672,477.213203,446.913382,416.924089,
157.500000,141.506934,801.989011,657.670008,591.046769,546.998610,511.821779,480.238316,449.918505,419.923970,
157.500000,141.505229,806.703205,661.451660,594.443784,550.190054,514.901452,483.264265,452.923958,422.923939,
157.500000,141.503577,811.420945,665.236508,597.843648,553.383801,517.982698,486.291060,455.929751,425.924001,
157.500000,141.501976,816.142209,669.024533,601.246348,556.579847,521.065520,489.318710,458.935890,428.924160,
157.500000,141.500423,820.866975,672.815715,604.651870,559.778187,524.149925,492.347226,461.942385,431.924420,
157.500000,141.498919,825.595220,676.610037,608.060201,562.978816,527.235916,495.376617,464.949242,434.924785,
157.500000,141.497461,830.326923,680.407479,611.471328,566.181729,530.323499,498.406893,467.956471,437.925260,
157.500000,141.496048,835.062063,684.208024,614.885237,569.386921,533.412677,501.438062,470.964078,440.925849,
157.500000,141.494678,839.800620,688.011653,618.301915,572.594388,536.503455,504.470134,473.972073,443.926556,
157.500000,141.493350,844.542571,691.818348,621.721349,575.804124,539.595837,507.503119,476.980463,446.927386,
157.500000,141.492063,849.287897,695.628092,625.143527,579.016124,542.689827,510.537024,479.989256,449.928343,
157.500000,141.490816,854.036577,699.440868,628.568434,582.230383,545.785429,513.571859,482.998461,452.929432,
157.500000,141.489607,858.788591,703.256658,631.996059,585.446897,548.882645,516.607632,486.008085,455.930657,
157.500000,141.488435,863.543920,707.075445,635.426389,588.665659,551.981480,519.644352,489.018136,458.932023,
157.500000,141.487300,868.302543,710.897212,638.859411,591.886664,555.081936,522.682028,492.028623,461.933534,
157.500000,141.486199,873.064442,714.721943,642.295113,595.109907,558.184016,525.720667,495.039553,464.935196,
157.500000,141.485132,877.829598,718.549621,645.733483,598.335382,561.287724,528.760278,498.050935,467.937013,
157.500000,141.484098,882.597991,722.380230,649.174507,601.563085,564.393062,531.800868,501.062776,470.938990,
157.500000,141.483095,887.369603,726.213753,652.618174,604.793009,567.500033,534.842446,504.075084,473.941132,
157.500000,141.482124,892.144415,730.050175,656.064472,608.025149,570.608638,537.885020,507.087867,476.943444,
157.500000,141.481182,896.922410,733.889479,659.513389,611.259500,573.718881,540.928596,510.101133,479.945930,
157.500000,141.480269,901.703568,737.731651,662.964913,614.496056,576.830763,543.973183,513.114891,482.948597,
157.500000,141.479384,906.487873,741.576675,666.419032,617.734810,579.944286,547.018787,516.129146,485.951448,
157.500000,141.478527,911.275306,745.424535,669.875734,620.975758,583.059453,550.065417,519.143909,488.954489,
157.500000,141.477696,916.065850,749.275216,673.335007,624.218894,586.176264,553.113078,522.159185,491.957725,
157.500000,141.476890,920.859488,753.128704,676.796841,627.464213,589.294722,556.161779,525.174984,494.961162,
157.500000,141.476109,925.656203,756.984983,680.261223,630.711707,592.414827,559.211525,528.191312,497.964804,
157.500000,141.475352,930.455978,760.844039,683.728143,633.961372,595.536582,562.262324,531.208178,500.968656,
157.500000,141.474619,935.258796,764.705857,687.197588,637.213202,598.659988,565.314183,534.225588,503.972725,
157.500000,141.473907,940.064641,768.570423,690.669549,640.467190,601.785044,568.367106,537.243551,506.977015,
157.500000,141.473218,944.873496,772.437723,694.144012,643.723332,604.911754,571.421102,540.262074,509.981531,
157.500000,141.472550,949.685345,776.307743,697.620969,646.981621,608.040116,574.476176,543.281164,512.986280,
157.500000,141.471903,954.500173,780.180468,701.100406,650.242052,611.170133,577.532334,546.300829,515.991266,
157.500000,141.471275,959.317963,784.055885,704.582315,653.504618,614.301804,580.589582,549.321076,518.996494,
157.500000,141.470666,964.138699,787.933980,708.066683,656.769314,617.435131,583.647926,552.341913,522.001971,
157.500000,141.470077,968.962367,791.814740,711.553501,660.036133,620.570113,586.707372,555.363347,525.007701,
157.500000,141.469505,973.788951,795.698152,715.042757,663.305070,623.706751,589.767925,558.385384,528.013690,
157.500000,141.468951,978.618435,799.584201,718.534441,666.576119,626.845045,592.829591,561.408033,531.019944,
157.500000,141.468414,983.450805,803.472875,722.028543,669.849275,629.984996,595.892375,564.431300,534.026468,
157.500000,141.467893,988.286046,807.364161,725.525051,673.124530,633.126603,598.956282,567.455193,537.033267,
157.500000,141.467389,993.124143,811.258047,729.023957,676.401879,636.269867,602.021318,570.479718,540.040348,
157.500000,141.466900,997.965081,815.154518,732.525249,679.681317,639.414786,605.087487,573.504882,543.047715,
157.500000,141.466426,1002.808847,819.053564,736.028917,682.962837,642.561362,608.154795,576.530692,546.055374,
157.500000,141.465966,1007.655425,822.955170,739.534952,686.246433,645.709593,611.223246,579.557155,549.063332,
157.500000,141.465521,1012.504803,826.859325,743.043343,689.532100,648.859480,614.292845,582.584278,552.071592,
157.500000,141.465089,1017.356965,830.766017,746.554080,692.819831,652.011021,617.363596,585.612068,555.080162,
157.500000,141.464671,1022.211897,834.675233,750.067154,696.109621,655.164217,620.435504,588.640531,558.089046,
157.500000,141.464265,1027.069587,838.586962,753.582555,699.401463,658.319066,623.508573,591.669673,561.098251,
157.500000,141.463872,1031.930021,842.501190,757.100272,702.695352,661.475568,626.582808,594.699502,564.107781,
157.500000,141.463491,1036.793185,846.417908,760.620297,705.991282,664.633722,629.658213,597.730023,567.117643,
157.500000,141.463121,1041.659065,850.337102,764.142620,709.289247,667.793527,632.734791,600.761243,570.127841,
157.500000,141.462763,1046.527649,854.258762,767.667231,712.589240,670.954983,635.812546,603.793169,573.138383,
157.500000,141.462416,1051.398924,858.182875,771.194121,715.891257,674.118088,638.891483,606.825806,576.149272,
157.500000,141.462080,1056.272877,862.109431,774.723280,719.195290,677.282841,641.971605,609.859161,579.160516,
157.500000,141.461754,1061.149494,866.038418,778.254700,722.501335,680.449242,645.052915,612.893240,582.172118,
157.500000,141.461437,1066.028763,869.969825,781.788371,725.809386,683.617288,648.135418,615.928049,585.184086,
157.500000,141.461131,1070.910672,873.903641,785.324283,729.119435,686.786979,651.219117,618.963594,588.196425,
157.500000,141.460834,1075.795208,877.839855,788.862428,732.431479,689.958314,654.304014,621.999880,591.209140,
157.500000,141.460546,1080.682359,881.778456,792.402797,735.745510,693.131290,657.390114,625.036915,594.222236,
157.500000,141.460267,1085.572112,885.719433,795.945380,739.061523,696.305908,660.477419,628.074703,597.235720,
157.500000,141.459997,1090.464456,889.662776,799.490170,742.379512,699.482164,663.565932,631.113251,600.249597,
157.500000,141.459735,1095.359379,893.608474,803.037156,745.699472,702.660059,666.655657,634.152563,603.263873,
157.500000,141.459480,1100.256867,897.556516,806.586331,749.021395,705.839589,669.746596,637.192646,606.278552,
157.500000,141.459234,1105.156911,901.506892,810.137685,752.345278,709.020754,672.838752,640.233504,609.293642,
157.500000,141.458995,1110.059498,905.459592,813.691210,755.671113,712.203552,675.932128,643.275145,612.309146,
157.500000,141.458764,1114.964616,909.414606,817.246898,758.998896,715.387981,679.026726,646.317572,615.325071,
157.500000,141.458540,1119.872255,913.371923,820.804739,762.328620,718.574039,682.122549,649.360791,618.341421,
157.500000,141.458322,1124.782402,917.331533,824.364726,765.660279,721.761724,685.219599,652.404807,621.358204,
157.500000,141.458111,1129.695046,921.293427,827.926850,768.993869,724.951036,688.317879,655.449626,624.375423,
157.500000,141.457907,1134.610177,925.257594,831.491102,772.329383,728.141971,691.417391,658.495253,627.393084,
157.500000,141.457709,1139.527783,929.224025,835.057475,775.666815,731.334528,694.518137,661.541692,630.411194,
157.500000,141.457517,1144.447853,933.192710,838.625960,779.006160,734.528705,697.620119,664.588949,633.429756,
157.500000,141.457331,1149.370377,937.163640,842.196549,782.347412,737.724499,700.723339,667.637029,636.448777,
157.500000,141.457151,1154.295344,941.136804,845.769234,785.690566,740.921910,703.827800,670.685935,639.468262,
157.500000,141.456976,1159.222742,945.112194,849.344007,789.035615,744.120934,706.933503,673.735674,642.488216,
157.500000,141.456806,1164.152562,949.089799,852.920859,792.382555,747.321570,710.040449,676.786250,645.508644,
157.500000,141.456642,1169.084793,953.069612,856.499784,795.731380,750.523815,713.148642,679.837667,648.529552,
157.500000,141.456483,1174.019424,957.051621,860.080773,799.082083,753.727668,716.258081,682.889929,651.550945,
157.500000,141.456329,1178.956445,961.035820,863.663818,802.434661,756.933125,719.368770,685.943043,654.572828,
157.500000,141.456179,1183.895846,965.022197,867.248912,805.789106,760.140185,722.480709,688.997011,657.595207,
157.500000,141.456034,1188.837617,969.010744,870.836046,809.145414,763.348846,725.593900,692.051838,660.618086,
157.500000,141.455893,1193.781748,973.001453,874.425214,812.503579,766.559105,728.708345,695.107528,663.641470,
157.500000,141.455757,1198.728229,976.994315,878.016407,815.863595,769.770960,731.824044,698.164086,666.665365,
157.500000,141.455625,1203.677049,980.989319,881.609618,819.225457,772.984408,734.940998,701.221516,669.689776,
157.500000,141.455497,1208.628200,984.986459,885.204840,822.589160,776.199447,738.059211,704.279822,672.714708,
157.500000,141.455373,1213.581671,988.985725,888.802064,825.954698,779.416075,741.178681,707.339007,675.740165,
157.500000,141.455253,1218.537452,992.987109,892.401285,829.322066,782.634290,744.299410,710.399077,678.766153,
157.500000,141.455136,1223.495535,996.990602,896.002494,832.691259,785.854088,747.421400,713.460034,681.792677,
157.500000,141.455023,1228.455910,1000.996196,899.605683,836.062270,789.075467,750.544652,716.521882,684.819741,
157.500000,141.454914,1233.418566,1005.003882,903.210847,839.435095,792.298425,753.669165,719.584626,687.847351,
157.500000,141.454807,1238.383496,1009.013652,906.817977,842.809728,795.522959,756.794941,722.648268,690.875511,
157.500000,141.454705,1243.350689,1013.025497,910.427067,846.186164,798.749067,759.921982,725.712814,693.904226,
157.500000,141.454605,1248.320137,1017.039411,914.038109,849.564398,801.976745,763.050286,728.778265,696.933501,
157.500000,141.454508,1253.291830,1021.055384,917.651096,852.944425,805.205993,766.179856,731.844625,699.963340,
157.500000,141.454414,1258.265760,1025.073408,921.266022,856.326239,808.436806,769.310692,734.911899,702.993748,
157.500000,141.454323,1263.241917,1029.093476,924.882879,859.709834,811.669182,772.442794,737.980089,706.024731,
157.500000,141.454235,1268.220292,1033.115579,928.501660,863.095207,814.903119,775.576162,741.049199,709.056292,
157.500000,141.454150,1273.200877,1037.139710,932.122359,866.482350,818.138614,778.710798,744.119232,712.088436,
157.500000,141.454067,1278.183663,1041.165861,935.744969,869.871261,821.375665,781.846702,747.190191,715.121168,
157.500000,141.453987,1283.168642,1045.194024,939.369483,873.261932,824.614267,784.983874,750.262079,718.154491,
157.500000,141.453909,1288.155804,1049.224191,942.995894,876.654360,827.854420,788.122314,753.334899,721.188412,
157.500000,141.453834,1293.145141,1053.256356,946.624195,880.048539,831.096120,791.262023,756.408655,724.222933,
157.500000,141.453761,1298.136644,1057.290509,950.254381,883.444463,834.339364,794.403000,759.483348,727.258060,
157.500000,141.453690,1303.130306,1061.326644,953.886444,886.842129,837.584150,797.545247,762.558983,730.293797,
157.500000,141.453621,1308.126118,1065.364753,957.520378,890.241530,840.830474,800.688763,765.635562,733.330147,
157.500000,141.453555,1313.124071,1069.404829,961.156176,893.642662,844.078335,803.833548,768.713088,736.367116,
157.500000,141.453490,1318.124157,1073.446864,964.793832,897.045520,847.327729,806.979602,771.791563,739.404708,
157.500000,141.453428,1323.126369,1077.490852,968.433339,900.450099,850.578653,810.126925,774.870990,742.442926,
157.500000,141.453367,1328.130698,1081.536784,972.074692,903.856393,853.831105,813.275517,777.951372,745.481775,
157.500000,141.453309,1333.137136,1085.584654,975.717883,907.264398,857.085083,816.425379,781.032711,748.521259,
157.500000,141.453252,1338.145674,1089.634455,979.362906,910.674110,860.340582,819.576510,784.115010,751.561383,
157.500000,141.453196,1343.156306,1093.686179,983.009756,914.085522,863.597600,822.728909,787.198271,754.602149,
157.500000,141.453143,1348.169023,1097.739819,986.658426,917.498630,866.856135,825.882577,790.282497,757.643563,
157.500000,141.453091,1353.183818,1101.795369,990.308909,920.913430,870.116183,829.037513,793.367690,760.685627,
157.500000,141.453041,1358.200682,1105.852822,993.961200,924.329916,873.377742,832.193717,796.453851,763.728347,
157.500000,141.452992,1363.219609,1109.912170,997.615292,927.748084,876.640809,835.351189,799.540984,766.771725,
157.500000,141.452945,1368.240590,1113.973407,1001.271180,931.167929,879.905380,838.509928,802.629091,769.815766,
157.500000,141.452899,1373.263617,1118.036526,1004.928858,934.589446,883.171454,841.669934,805.718173,772.860474,
157.500000,141.452855,1378.288684,1122.101520,1008.588318,938.012630,886.439027,844.831206,808.808233,775.905851,
157.500000,141.452812,1383.315783,1126.168383,1012.249557,941.437477,889.708096,847.993745,811.899273,778.951903,
157.500000,141.452770,1388.344906,1130.237107,1015.912567,944.863981,892.978659,851.157549,814.991295,781.998631,
157.500000,141.452730,1393.376047,1134.307687,1019.577342,948.292139,896.250712,854.322618,818.084300,785.046042,
157.500000,141.452690,1398.409197,1138.380116,1023.243878,951.721945,899.524253,857.488952,821.178291,788.094136,
157.500000,141.452652,1403.444349,1142.454387,1026.912168,955.153395,902.799278,860.656550,824.273270,791.142919,
157.500000,141.452616,1408.481497,1146.530494,1030.582206,958.586484,906.075786,863.825410,827.369237,794.192394,
157.500000,141.452580,1413.520634,1150.608430,1034.253986,962.021208,909.353772,866.995534,830.466195,797.242564,
157.500000,141.452545,1418.561751,1154.688190,1037.927504,965.457561,912.633234,870.166919,833.564146,800.293433,
157.500000,141.452512,1423.604842,1158.769766,1041.602753,968.895540,915.914169,873.339565,836.663092,803.345003,
157.500000,141.452479,1428.649901,1162.853152,1045.279727,972.335140,919.196574,876.513472,839.763033,806.397279,
157.500000,141.452448,1433.696919,1166.938343,1048.958422,975.776356,922.480446,879.688639,842.863971,809.450263,
157.500000,141.452417,1438.745891,1171.025331,1052.638831,979.219184,925.765783,882.865064,845.965908,812.503959,
157.500000,141.452388,1443.796809,1175.114111,1056.320949,982.663619,929.052581,886.042748,849.068846,815.558371,
157.500000,141.452359,1448.849666,1179.204678,1060.004771,986.109657,932.340837,889.221689,852.172785,818.613500,
157.500000,141.452331,1453.904457,1183.297023,1063.690290,989.557294,935.630549,892.401886,855.277728,821.669351,
157.500000,141.452304,1458.961173,1187.391142,1067.377503,993.006524,938.921713,895.583339,858.383675,824.725926,
157.500000,141.452278,1464.019809,1191.487029,1071.066402,996.457344,942.214327,898.766046,861.490628,827.783228,
157.500000,141.452253,1469.080358,1195.584678,1074.756984,999.909748,945.508388,901.950007,864.598588,830.841261,
157.500000,141.452228,1474.142813,1199.684082,1078.449242,1003.363734,948.803892,905.135221,867.707556,833.900028,
157.500000,141.452204,1479.207167,1203.785236,1082.143172,1006.819296,952.100837,908.321686,870.817533,836.959530,
157.500000,141.452181,1484.273415,1207.888134,1085.838767,1010.276430,955.399220,911.509402,873.928521,840.019772,
157.500000,141.452159,1489.341550,1211.992771,1089.536024,1013.735131,958.699038,914.698367,877.040521,843.080756,
157.500000,141.452137,1494.411565,1216.099140,1093.234936,1017.195397,962.000288,917.888582,880.153533,846.142485,
157.500000,141.452116,1499.483454,1220.207235,1096.935499,1020.657221,965.302968,921.080043,883.267560,849.204961,
157.500000,141.452096,1504.557211,1224.317052,1100.637707,1024.120600,968.607073,924.272751,886.382600,852.268188,
157.500000,141.452076,1509.632829,1228.428584,1104.341555,1027.585529,971.912602,927.466704,889.498657,855.332167,
157.500000,141.452057,1514.710303,1232.541826,1108.047039,1031.052005,975.219550,930.661902,892.615730,858.396903,
157.500000,141.452039,1519.789625,1236.656772,1111.754152,1034.520023,978.527917,933.858342,895.733820,861.462396,
157.500000,141.452021,1524.870791,1240.773417,1115.462891,1037.989580,981.837698,937.056024,898.852929,864.528650,
157.500000,141.452003,1529.953793,1244.891755,1119.173250,1041.460670,985.148890,940.254947,901.973057,867.595668,
157.500000,141.451986,1535.038626,1249.011781,1122.885225,1044.933289,988.461491,943.455110,905.094204,870.663452,
157.500000,141.451970,1540.125283,1253.133489,1126.598809,1048.407434,991.775498,946.656510,908.216372,873.732003,
157.500000,141.451954,1545.213760,1257.256874,1130.313999,1051.883101,995.090908,949.859148,911.339562,876.801326,
157.500000,141.451939,1550.304049,1261.381930,1134.030790,1055.360285,998.407718,953.063021,914.463773,879.871421,
157.500000,141.451924,1555.396145,1265.508653,1137.749176,1058.838982,1001.725925,956.268128,917.589007,882.942292,
157.500000,141.451909,1560.490042,1269.637037,1141.469153,1062.319189,1005.045525,959.474469,920.715264,886.013941,
157.500000,141.451895,1565.585734,1273.767076,1145.190717,1065.800901,1008.366518,962.682042,923.842544,889.086370,
157.500000,141.451882,1570.683216,1277.898766,1148.913861,1069.284113,1011.688898,965.890845,926.970849,892.159581,
157.500000,141.451868,1575.782481,1282.032101,1152.638583,1072.768823,1015.012664,969.100877,930.100179,895.233576,
157.500000,141.451856,1580.883524,1286.167076,1156.364876,1076.255026,1018.337813,972.312138,933.230534,898.308358,
157.500000,141.451843,1585.986339,1290.303686,1160.092737,1079.742719,1021.664341,975.524624,936.361914,901.383928,
157.500000,141.451831,1591.090921,1294.441926,1163.822160,1083.231896,1024.992246,978.738336,939.494321,904.460289,
157.500000,141.451820,1596.197264,1298.581791,1167.553141,1086.722555,1028.321525,981.953271,942.627754,907.537443,
157.500000,141.451808,1601.305362,1302.723275,1171.285676,1090.214692,1031.652175,985.169429,945.762214,910.615392,
157.500000,141.451798,1606.415210,1306.866374,1175.019760,1093.708301,1034.984194,988.386808,948.897701,913.694138,
157.500000,141.451787,1611.526802,1311.011083,1178.755388,1097.203381,1038.317578,991.605406,952.034215,916.773683,
157.500000,141.451777,1616.640133,1315.157397,1182.492556,1100.699926,1041.652324,994.825222,955.171757,919.854028,
157.500000,141.451767,1621.755198,1319.305310,1186.231259,1104.197933,1044.988430,998.046255,958.310328,922.935175,
157.500000,141.451757,1626.871991,1323.454819,1189.971493,1107.697399,1048.325893,1001.268503,961.449926,926.017127,
157.500000,141.451748,1631.990506,1327.605917,1193.713253,1111.198318,1051.664710,1004.491965,964.590553,929.099886,
157.500000,141.451739,1637.110738,1331.758601,1197.456536,1114.700688,1055.004878,1007.716638,967.732208,932.183452,
157.500000,141.451730,1642.232683,1335.912866,1201.201336,1118.204505,1058.346394,1010.942523,970.874892,935.267828,
157.500000,141.451721,1647.356334,1340.068706,1204.947649,1121.709765,1061.689256,1014.169616,974.018604,938.353015,
157.500000,141.451713,1652.481687,1344.226118,1208.695471,1125.216464,1065.033460,1017.397918,977.163346,941.439015,
157.500000,141.451705,1657.608736,1348.385095,1212.444798,1128.724598,1068.379005,1020.627425,980.309117,944.525831,
157.500000,141.451697,1662.737476,1352.545635,1216.195625,1132.234165,1071.725886,1023.858137,983.455916,947.613462,
157.500000,141.451690,1667.867902,1356.707731,1219.947949,1135.745159,1075.074102,1027.090052,986.603745,950.701911,
157.500000,141.451683,1673.000009,1360.871379,1223.701764,1139.257578,1078.423649,1030.323169,989.752602,953.791180,
157.500000,141.451676,1678.133791,1365.036576,1227.457066,1142.771418,1081.774525,1033.557485,992.902489,956.881270,
157.500000,141.451669,1683.269244,1369.203315,1231.213852,1146.286675,1085.126727,1036.793000,996.053404,959.972183,
157.500000,141.451662,1688.406363,1373.371593,1234.972118,1149.803345,1088.480252,1040.029712,999.205348,963.063919,
157.500000,141.451656,1693.545143,1377.541406,1238.731858,1153.321425,1091.835097,1043.267619,1002.358321,966.156481,
157.500000,141.451649,1698.685578,1381.712747,1242.493069,1156.840912,1095.191260,1046.506720,1005.512323,969.249869,
157.500000,141.451643,1703.827664,1385.885614,1246.255747,1160.361801,1098.548738,1049.747012,1008.667353,972.344086,
157.500000,141.451638,1708.971396,1390.060002,1250.019888,1163.884089,1101.907528,1052.988496,1011.823411,975.439132,
157.500000,141.451632,1714.116769,1394.235906,1253.785487,1167.407774,1105.267627,1056.231168,1014.980498,978.535009,
157.500000,141.451626,1719.263778,1398.413322,1257.552541,1170.932850,1108.629033,1059.475027,1018.138613,981.631718,
157.500000,141.451621,1724.412419,1402.592245,1261.321046,1174.459315,1111.991742,1062.720072,1021.297755,984.729261,
157.500000,141.451616,1729.562685,1406.772671,1265.090997,1177.987165,1115.355753,1065.966300,1024.457925,987.827638,
157.500000,141.451611,1734.714574,1410.954597,1268.862391,1181.516396,1118.721062,1069.213712,1027.619122,990.926850,
157.500000,141.451606,1739.868080,1415.138016,1272.635223,1185.047006,1122.087667,1072.462303,1030.781346,994.026900,
157.500000,141.451601,1745.023198,1419.322927,1276.409490,1188.578990,1125.455565,1075.712074,1033.944596,997.127787,
157.500000,141.451597,1750.179924,1423.509323,1280.185188,1192.112346,1128.824753,1078.963023,1037.108873,1000.229514,
157.500000,141.451592,1755.338252,1427.697201,1283.962313,1195.647069,1132.195229,1082.215147,1040.274176,1003.332081,
157.500000,141.451588,1760.498179,1431.886556,1287.740861,1199.183157,1135.566989,1085.468445,1043.440505,1006.435489,
157.500000,141.451584,1765.659700,1436.077386,1291.520828,1202.720606,1138.940032,1088.722915,1046.607859,1009.539740,
157.500000,141.451580,1770.822810,1440.269684,1295.302211,1206.259413,1142.314354,1091.978556,1049.776238,1012.644834,
157.500000,141.451576,1775.987505,1444.463448,1299.085005,1209.799573,1145.689953,1095.235367,1052.945641,1015.750772,
157.500000,141.451572,1781.153779,1448.658672,1302.869206,1213.341085,1149.066827,1098.493344,1056.116069,1018.857556,
157.500000,141.451568,1786.321630,1452.855354,1306.654812,1216.883945,1152.444972,1101.752488,1059.287520,1021.965186,
157.500000,141.451565,1791.491051,1457.053489,1310.441818,1220.428149,1155.824385,1105.012795,1062.459994,1025.073662,
157.500000,141.451561,1796.662039,1461.253072,1314.230220,1223.973693,1159.205065,1108.274264,1065.633491,1028.182987,
157.500000,141.451558,1801.834590,1465.454101,1318.020016,1227.520576,1162.587009,1111.536895,1068.808010,1031.293161,
157.500000,141.451555,1807.008698,1469.656570,1321.811200,1231.068793,1165.970214,1114.800684,1071.983551,1034.404184,
157.500000,141.451552,1812.184360,1473.860476,1325.603770,1234.618341,1169.354677,1118.065630,1075.160113,1037.516058,
157.500000,141.451549,1817.361571,1478.065816,1329.397721,1238.169217,1172.740396,1121.331732,1078.337696,1040.628783,
157.500000,141.451546,1822.540326,1482.272584,1333.193050,1241.721418,1176.127368,1124.598988,1081.516299,1043.742361,
157.500000,141.451543,1827.720623,1486.480777,1336.989754,1245.274940,1179.515590,1127.867395,1084.695922,1046.856790,
157.500000,141.451540,1832.902455,1490.690392,1340.787829,1248.829781,1182.905061,1131.136954,1087.876564,1049.972074,
157.500000,141.451537,1838.085820,1494.901424,1344.587271,1252.385937,1186.295777,1134.407660,1091.058224,1053.088211,
157.500000,141.451535,1843.270712,1499.113870,1348.388077,1255.943405,1189.687735,1137.679514,1094.240902,1056.205204,
157.500000,141.451532,1848.457128,1503.327726,1352.190243,1259.502181,1193.080934,1140.952513,1097.424597,1059.323051,
157.500000,141.451530,1853.645063,1507.542987,1355.993766,1263.062263,1196.475371,1144.226655,1100.609309,1062.441755,
157.500000,141.451527,1858.834514,1511.759651,1359.798642,1266.623648,1199.871042,1147.501939,1103.795037,1065.561316,
157.500000,141.451525,1864.025476,1515.977713,1363.604867,1270.186332,1203.267946,1150.778363,1106.981780,1068.681734,
157.500000,141.451523,1869.217944,1520.197169,1367.412439,1273.750312,1206.666081,1154.055926,1110.169538,1071.803009,
157.500000,141.451521,1874.411915,1524.418017,1371.221353,1277.315586,1210.065442,1157.334625,1113.358310,1074.925143,
157.500000,141.451519,1879.607386,1528.640252,1375.031607,1280.882149,1213.466029,1160.614459,1116.548095,1078.048136,
157.500000,141.451517,1884.804351,1532.863870,1378.843196,1284.450000,1216.867838,1163.895425,1119.738893,1081.171989,
157.500000,141.451515,1890.002806,1537.088868,1382.656118,1288.019134,1220.270867,1167.177524,1122.930703,1084.296701,
157.500000,141.451513,1895.202749,1541.315243,1386.470369,1291.589550,1223.675113,1170.460752,1126.123523,1087.422273,
157.500000,141.451511,1900.404174,1545.542990,1390.285946,1295.161243,1227.080574,1173.745107,1129.317355,1090.548706,
157.500000,141.451509,1905.607078,1549.772106,1394.102845,1298.734212,1230.487248,1177.030589,1132.512196,1093.676001,
157.500000,141.451507,1910.811457,1554.002588,1397.921062,1302.308452,1233.895132,1180.317196,1135.708046,1096.804156,
157.500000,141.451506,1916.017306,1558.234432,1401.740596,1305.883961,1237.304223,1183.604924,1138.904904,1099.933174,
157.500000,141.451504,1921.224623,1562.467634,1405.561442,1309.460736,1240.714519,1186.893774,1142.102769,1103.063054,
157.500000,141.451503,1926.433403,1566.702190,1409.383597,1313.038774,1244.126017,1190.183743,1145.301641,1106.193797,
157.500000,141.451501,1931.643642,1570.938098,1413.207057,1316.618072,1247.538716,1193.474830,1148.501519,1109.325403,
157.500000,141.451499,1936.855336,1575.175354,1417.031820,1320.198628,1250.952612,1196.767032,1151.702402,1112.457872,
157.500000,141.451498,1942.068483,1579.413954,1420.857883,1323.780437,1254.367704,1200.060348,1154.904290,1115.591204,
157.500000,141.451497,1947.283076,1583.653895,1424.685241,1327.363498,1257.783988,1203.354776,1158.107180,1118.725400,
157.500000,141.451495,1952.499114,1587.895174,1428.513892,1330.947807,1261.201462,1206.650315,1161.311074,1121.860461,
157.500000,141.451494,1957.716592,1592.137786,1432.343833,1334.533361,1264.620124,1209.946962,1164.515969,1124.996385,
157.500000,141.451493,1962.935507,1596.381729,1436.175060,1338.120159,1268.039972,1213.244717,1167.721864,1128.133174,
157.500000,141.451491,1968.155855,1600.626999,1440.007571,1341.708195,1271.461003,1216.543576,1170.928760,1131.270828,
157.500000,141.451490,1973.377631,1604.873593,1443.841362,1345.297469,1274.883214,1219.843540,1174.136655,1134.409347,
157.500000,141.451489,1978.600833,1609.121507,1447.676429,1348.887977,1278.306604,1223.144604,1177.345549,1137.548731,
157.500000,141.451488,1983.825457,1613.370739,1451.512771,1352.479716,1281.731170,1226.446769,1180.555439,1140.688980,
157.500000,141.451487,1989.051499,1617.621284,1455.350383,1356.072684,1285.156909,1229.750032,1183.766327,1143.830094,
157.500000,141.451486,1994.278955,1621.873140,1459.189263,1359.666877,1288.583819,1233.054392,1186.978209,1146.972074,
157.500000,141.451485,1999.507822,1626.126303,1463.029408,1363.262292,1292.011898,1236.359846,1190.191087,1150.114919,
157.500000,141.451484,2004.738097,1630.380770,1466.870814,1366.858928,1295.441144,1239.666393,1193.404958,1153.258630,
157.500000,141.451483,2009.969775,1634.636538,1470.713478,1370.456782,1298.871553,1242.974032,1196.619822,1156.403206,
157.500000,141.451482,2015.202853,1638.893603,1474.557398,1374.055849,1302.303125,1246.282760,1199.835679,1159.548649,
157.500000,141.451481,2020.437328,1643.151963,1478.402570,1377.656129,1305.735856,1249.592576,1203.052526,1162.694957,
157.500000,141.451480,2025.673196,1647.411613,1482.248992,1381.257617,1309.169743,1252.903478,1206.270363,1165.842131,
157.500000,141.451479,2030.910454,1651.672552,1486.096661,1384.860312,1312.604786,1256.215465,1209.489189,1168.990170,
157.500000,141.451478,2036.149097,1655.934775,1489.945572,1388.464211,1316.040981,1259.528534,1212.709004,1172.139076,
157.500000,141.451478,2041.389124,1660.198279,1493.795724,1392.069310,1319.478326,1262.842684,1215.929806,1175.288847,
157.500000,141.451477,2046.630529,1664.463062,1497.647114,1395.675607,1322.916819,1266.157913,1219.151594,1178.439485,
157.500000,141.451476,2051.873310,1668.729120,1501.499738,1399.283101,1326.356458,1269.474219,1222.374367,1181.590988,
157.500000,141.451475,2057.117464,1672.996450,1505.353594,1402.891787,1329.797239,1272.791601,1225.598125,1184.743356,
157.500000,141.451475,2062.362986,1677.265049,1509.208679,1406.501663,1333.239162,1276.110057,1228.822865,1187.896591,
157.500000,141.451474,2067.609875,1681.534914,1513.064990,1410.112727,1336.682224,1279.429585,1232.048589,1191.050690,
157.500000,141.451473,2072.858125,1685.806042,1516.922524,1413.724975,1340.126422,1282.750184,1235.275293,1194.205656,
157.500000,141.451473,2078.107734,1690.078430,1520.781277,1417.338406,1343.571754,1286.071851,1238.502978,1197.361486,
157.500000,141.451472,2083.358698,1694.352074,1524.641248,1420.953017,1347.018218,1289.394586,1241.731642,1200.518182,
157.500000,141.451472,2088.611015,1698.626973,1528.502434,1424.568805,1350.465812,1292.718385,1244.961284,1203.675742,
157.500000,141.451471,2093.864681,1702.903122,1532.364831,1428.185767,1353.914533,1296.043249,1248.191904,1206.834168,
157.500000,141.451470,2099.119692,1707.180518,1536.228437,1431.803902,1357.364380,1299.369174,1251.423500,1209.993459,
157.500000,141.451470,2104.376046,1711.459160,1540.093249,1435.423206,1360.815350,1302.696160,1254.656071,1213.153614,
157.500000,141.451469,2109.633738,1715.739043,1543.959264,1439.043676,1364.267440,1306.024204,1257.889617,1216.314633,
157.500000,141.451469,2114.892767,1720.020165,1547.826479,1442.665311,1367.720649,1309.353304,1261.124135,1219.476517,
157.500000,141.451468,2120.153128,1724.302523,1551.694892,1446.288108,1371.174975,1312.683460,1264.359626,1222.639264,
157.500000,141.451468,2125.414819,1728.586114,1555.564500,1449.912063,1374.630414,1316.014669,1267.596088,1225.802875,
157.500000,141.451467,2130.677835,1732.870935,1559.435300,1453.537176,1378.086966,1319.346929,1270.833520,1228.967350,
157.500000,141.451467,2135.942175,1737.156983,1563.307290,1457.163442,1381.544628,1322.680240,1274.071920,1232.132688,
157.500000,141.451466,2141.207835,1741.444255,1567.180466,1460.790861,1385.003397,1326.014599,1277.311289,1235.298890,
157.500000,141.451466,2146.474811,1745.732749,1571.054826,1464.419428,1388.463272,1329.350004,1280.551625,1238.465954,
157.500000,141.451466,2151.743101,1750.022461,1574.930368,1468.049143,1391.924250,1332.686454,1283.792926,1241.633880,
157.500000,141.451465,2157.012702,1754.313389,1578.807088,1471.680001,1395.386329,1336.023947,1287.035192,1244.802669,
